{"accuracy": [0.06730208545923233, 0.48889678716659546, 0.6813571453094482, 0.7472508549690247, 0.7857599854469299], "loss": [3.450011968612671, 1.6991322040557861, 1.0167200565338135, 0.7895338535308838, 0.6593971252441406], "val_accuracy": [0.21966765820980072, 0.6664010882377625, 0.737366259098053, 0.79347825050354, 0.8173799514770508], "val_loss": [2.6712026596069336, 1.066287636756897, 0.8252971172332764, 0.6520904898643494, 0.566070556640625]}